first_name,last_name,phone,email,city,zipcode,website,company
Narciso,Gislason,960-364-7851 x159,Kathlyn.McCullough63@yahoo.com,North Citlallimouth,74203-7274,megane.com,Flatley Group
Lazaro,Boyer,(000) 723-0210,Valerie_Wehner32@hotmail.com,Conroyton,59302-0098,esther.com,"Jacobi, Bernhard and Ruecker"
Edwardo,Hand,051.494.2600,Ena.Wisozk@hotmail.com,Whiteburgh,01760-8471,roosevelt.com,O'Connell Inc
Jazmyn,Rempel,1-994-678-0014 x584,Giovanny41@hotmail.com,Janville,49015-9940,marcella.biz,"Yost, Quigley and Toy"
Bryce,Langosh,316-014-5128 x5979,Maxie.Fahey@yahoo.com,Maddisonbury,89071,myles.org,Feeney and Sons
Aiyana,Kreiger,1-259-528-7629,Betsy12@gmail.com,New Gennaro,71148-6209,kade.com,Boyle LLC
Madaline,Pouros,1-949-495-8789,Kasandra_Beer68@gmail.com,New Nadiaburgh,74650-5764,stella.com,Kutch Group
Cornell,Stracke,377.345.7790,Alejandra_Harris@yahoo.com,Ebertshire,00260,jany.biz,Hoppe LLC
Rudolph,Schumm,(511) 107-8437,Leanna.Wilkinson69@hotmail.com,New Jamilton,26460,alejandrin.net,"Rogahn, Stoltenberg and Boyle"
Broderick,Bode,1-663-530-0317 x7599,Aisha7@yahoo.com,West Maude,80333,charlotte.net,"Treutel, Bartell and Walter"
Annabel,Bernier,943-082-5641,Rosanna.Schulist75@yahoo.com,Wavachester,16943,destinee.biz,Schowalter LLC
Aida,Sanford,479-197-9073 x88048,Susan_Schaefer@gmail.com,Port Angeline,55394-9587,rex.com,"Rice, Zulauf and Bailey"
Russ,Christiansen,1-359-235-5617,Melisa.Schimmel61@yahoo.com,Lake Cobyshire,90088,santino.biz,Zulauf LLC
Eddie,Macejkovic,425-377-2896,Katelin.Price66@hotmail.com,East Jackelineville,37506,lia.com,"Heaney, Wilkinson and Kovacek"
Eliza,Lowe,1-081-015-3128,Carol_White@gmail.com,Jacobsonport,76931-1517,berniece.name,Stark - Sanford
Ericka,Heathcote,(405) 353-5547,Elenora.Effertz11@hotmail.com,Port Rafaelaview,65854,joany.net,"Pfannerstill, Hagenes and Rogahn"
Kacie,Greenfelder,1-834-090-0851 x84873,Sheila_Berge@yahoo.com,Conorburgh,60198,julianne.info,Stark - Turner
Shaylee,Lesch,(293) 800-4863,Jany.Connelly@gmail.com,Port Sarina,12107,sammie.net,Gutmann Group
Dane,Senger,512-907-9780 x7056,Tomas_Harber@hotmail.com,Heaneyport,26181,donato.org,Nikolaus - Watsica
Brenden,Weber,(644) 578-5427 x093,Derrick94@yahoo.com,Port Beatriceview,55872-2833,will.org,Mueller and Sons
Hugh,Lemke,(645) 592-4517 x5058,Oliver_Lang21@hotmail.com,New Vernicehaven,47731-3701,mertie.info,"Johnston, Gutmann and Bergstrom"
Dawson,Herzog,(576) 868-5627,Alessandra_Tremblay13@gmail.com,Aishaland,18439-0156,kariane.org,"Feeney, Schinner and Bergnaum"
Florine,Johns,1-579-800-8947 x88393,Hadley.Gleichner81@gmail.com,East Arashire,59100,dagmar.net,"Green, Cole and O'Conner"
Genevieve,Kunde,740-085-7639,Liana94@hotmail.com,Stammville,06569-7493,erwin.name,Crist and Sons
Mable,Hagenes,(662) 230-0928,Verlie.VonRueden36@gmail.com,West Cathrynburgh,24939-5854,camille.name,"Smitham, Tromp and Terry"
Stanley,Kris,207.341.6625 x92441,Derick_Hammes@hotmail.com,Bradtkeshire,79612-7775,shayne.info,Rogahn Group
Bernardo,Mayert,968.694.8942,Araceli80@yahoo.com,North Bradyton,28648-6407,assunta.com,Kutch - Hills
Lorena,Hamill,582-900-2628 x8152,Chadd_Haag30@gmail.com,Port Clareshire,02410-4656,garrison.biz,"Stokes, Bailey and O'Keefe"
Romaine,Raynor,1-563-953-1296 x042,Christopher92@gmail.com,Kunzeberg,40517,althea.info,"Bartell, Hammes and Howell"
Graciela,Heller,(606) 034-6380 x590,Abigail11@yahoo.com,North Dewitt,00825,donald.name,"Legros, Bergstrom and Kemmer"
Shyanne,Blick,(851) 477-7895 x644,Freida_Gutmann87@yahoo.com,Schusterfurt,96054-8326,valentine.biz,"Conn, Powlowski and Gorczany"
Cortney,Spinka,(149) 016-9445,Lowell.Spinka@gmail.com,Bechtelarhaven,36357,casper.name,"Metz, Little and King"
Shanna,Hickle,178.907.0937,Hilario_Pacocha@hotmail.com,Raynorburgh,32383-8613,madalyn.net,"Cassin, Cartwright and Collier"
Ezequiel,Kreiger,052-046-2679 x4675,Hallie69@hotmail.com,East Efrain,88254-7542,emily.net,Rohan - Reichert
Marjory,Kautzer,1-839-500-3848 x585,Jane.Lind@gmail.com,Stiedemannhaven,30123-7098,francisca.net,Jast Inc
Chester,Ferry,1-348-297-2599,Max_Ebert@yahoo.com,Rickieborough,06786-7546,francesca.org,Yundt - Grant
Molly,DuBuque,1-281-654-0524 x03037,Tianna92@gmail.com,South Olgaland,18315-0402,sierra.org,Bins Group
Laurine,Rohan,(800) 794-2092 x2072,Nathen.Carter@gmail.com,Vaughnhaven,54082-1899,anderson.name,"Crona, Jerde and Kunde"
Ida,Schroeder,071.882.5732 x44394,Josefina_Terry40@yahoo.com,Greenfeldertown,36912-8145,dorris.com,Schoen - Ullrich
Amiya,Conn,616-696-4014,Madeline_Moen@hotmail.com,West Jerad,43895-7133,jane.info,Pfeffer - Herman
Elias,Hills,1-064-768-5629 x04456,Sabryna.Jast70@gmail.com,New Rebaport,76024,german.biz,"Jakubowski, Kuhlman and Grady"
Ahmad,Jacobi,1-401-780-5588 x94489,Heber.Goyette@hotmail.com,Lake Angus,95471,callie.net,Gaylord Inc
Rebeca,Tillman,1-394-362-3856,Isac94@gmail.com,Schinnerberg,58733,darren.name,"Cassin, Reinger and Hettinger"
Chanelle,Kuphal,647-624-8922 x413,Garrick.Luettgen@gmail.com,Kohlerhaven,92920-9775,alfredo.name,"Goldner, Emard and Brakus"
Adolph,Ernser,513-974-5028,Korbin.Collins36@gmail.com,Deckowstad,55144-1204,felton.net,Leuschke Inc
Cyrus,Keeling,1-490-113-6460 x25785,Stefan.Kirlin@gmail.com,Lake Hershelland,05455,terry.info,Pouros LLC
